{
	"name": "cycle-token-stack",
	"title": "Cycle Token Stack",
	"description": "Cycles through a stack of tokens using repeated left-clicks.",
	"version": "0.3.4",
	"author": "BeerBuddy",
	"languages": [ {
		"lang": "en", 
		"name": "English", 
		"path": "./lang/en.json"
	} ],
	"minimumCoreVersion": "0.6.5",
	"compatibleCoreVersion": "0.6.5",
	"scripts": ["./init.js", "./cycle-token-stack.js"],
	"styles": ["./styles.css"],
	"url": "https://github.com/aka-beer-buddy/fvtt-cycle-token-stack",
	"manifest": "https://raw.githubusercontent.com/aka-beer-buddy/fvtt-cycle-token-stack/master/module.json",
	"download": "https://github.com/aka-beer-buddy/fvtt-cycle-token-stack/raw/master/cycle-token-stack.zip"
}